{
  "config": {
    "seed": 0,
    "n_experts": 4,
    "n_epochs": 80,
    "lr": 0.3,
    "batch_size": 32,
    "train_frac": 0.75,
    "n_hidden_baseline": 8,
    "n_train": 456,
    "n_test": 152,
    "moe_params": 60,
    "mlp_params": 60,
    "is_real_data": true,
    "feat_mean": [
      576.0548245614035,
      1865.3157894736842
    ],
    "feat_std": [
      239.20647154672386,
      674.0103930411453
    ]
  },
  "env": {
    "python": "3.12.9",
    "numpy": "2.2.5",
    "platform": "macOS-26.3-arm64-arm-64bit",
    "processor": "arm",
    "git_commit": "8cc932420b57e0301ac4a43902d25466bd5bc962"
  },
  "summary": {
    "moe_test_acc": 0.9342105263157895,
    "mlp_test_acc": 0.9605263157894737,
    "moe_train_acc": 0.9298245614035088,
    "mlp_train_acc": 0.9298245614035088,
    "moe_epochs_to_90": 22,
    "mlp_epochs_to_90": 13,
    "moe_wallclock_s": 0.09249724983237684,
    "mlp_wallclock_s": 0.050061916932463646
  },
  "moe_history": {
    "epoch": [
      0,
      1,
      2,
      3,
      4,
      5,
      6,
      7,
      8,
      9,
      10,
      11,
      12,
      13,
      14,
      15,
      16,
      17,
      18,
      19,
      20,
      21,
      22,
      23,
      24,
      25,
      26,
      27,
      28,
      29,
      30,
      31,
      32,
      33,
      34,
      35,
      36,
      37,
      38,
      39,
      40,
      41,
      42,
      43,
      44,
      45,
      46,
      47,
      48,
      49,
      50,
      51,
      52,
      53,
      54,
      55,
      56,
      57,
      58,
      59,
      60,
      61,
      62,
      63,
      64,
      65,
      66,
      67,
      68,
      69,
      70,
      71,
      72,
      73,
      74,
      75,
      76,
      77,
      78,
      79
    ],
    "train_loss": [
      1.3260414398465188,
      1.0577490662195954,
      0.9319188960155341,
      0.8512765564728645,
      0.8061481566577867,
      0.7612484791551849,
      0.7322037314984902,
      0.703091058852677,
      0.6741220257012569,
      0.6587810992071054,
      0.636836261257648,
      0.6150250656204772,
      0.601829543104039,
      0.5859202558424421,
      0.5697292493676599,
      0.5594609400747163,
      0.551076338849113,
      0.5330561728268808,
      0.5217852602476036,
      0.5142031895698573,
      0.5054728358568246,
      0.4922624006273973,
      0.49204625898660553,
      0.47434704216943513,
      0.46526292248109513,
      0.46087829564367844,
      0.4617864076666774,
      0.4436835129571941,
      0.4364147105410697,
      0.42750934682536745,
      0.4275196668697916,
      0.42094012248191487,
      0.41415878142655027,
      0.4068849996157223,
      0.40855855270694735,
      0.3978396893490601,
      0.39013958244640184,
      0.38675852957650453,
      0.3795449178710563,
      0.3838954158518496,
      0.38038930036910956,
      0.37756397658390006,
      0.38415663016167456,
      0.3704656638082472,
      0.36154908693207743,
      0.35462488860639685,
      0.3601822271383364,
      0.3540652069068251,
      0.34839278316110117,
      0.33829845322916674,
      0.3306458990902019,
      0.33614313004347113,
      0.33430888026101807,
      0.3384309353899492,
      0.32655264215083596,
      0.32428476248947374,
      0.3219212325449222,
      0.32913497499715366,
      0.3263533381428024,
      0.3239288638067702,
      0.31630696758297466,
      0.32763466550997206,
      0.30999096840814644,
      0.31392323951299783,
      0.3081819431509244,
      0.30601679911126767,
      0.3057856537445626,
      0.31947593075809594,
      0.29660570469334946,
      0.29803432384296735,
      0.30626556768864527,
      0.3149304143735759,
      0.2960596079624229,
      0.2945583656023665,
      0.2890332589912542,
      0.2936317913051008,
      0.29616915743452477,
      0.28467417296081216,
      0.2837938939658499,
      0.2934565175048819
    ],
    "train_acc": [
      0.5394736842105263,
      0.5285087719298246,
      0.5263157894736842,
      0.5855263157894737,
      0.625,
      0.631578947368421,
      0.6951754385964912,
      0.7346491228070176,
      0.7127192982456141,
      0.7324561403508771,
      0.7982456140350878,
      0.8201754385964912,
      0.8289473684210527,
      0.8464912280701754,
      0.831140350877193,
      0.8442982456140351,
      0.8574561403508771,
      0.8552631578947368,
      0.8618421052631579,
      0.8640350877192983,
      0.8640350877192983,
      0.8728070175438597,
      0.875,
      0.8728070175438597,
      0.8881578947368421,
      0.8903508771929824,
      0.8903508771929824,
      0.9122807017543859,
      0.8925438596491229,
      0.8859649122807017,
      0.9057017543859649,
      0.9122807017543859,
      0.9013157894736842,
      0.9035087719298246,
      0.918859649122807,
      0.9298245614035088,
      0.918859649122807,
      0.8969298245614035,
      0.9144736842105263,
      0.9144736842105263,
      0.9078947368421053,
      0.9232456140350878,
      0.9166666666666666,
      0.9232456140350878,
      0.9166666666666666,
      0.9144736842105263,
      0.9232456140350878,
      0.9078947368421053,
      0.9144736842105263,
      0.9298245614035088,
      0.9276315789473685,
      0.9232456140350878,
      0.9298245614035088,
      0.9276315789473685,
      0.9232456140350878,
      0.9276315789473685,
      0.9320175438596491,
      0.9232456140350878,
      0.9254385964912281,
      0.918859649122807,
      0.9276315789473685,
      0.9232456140350878,
      0.9210526315789473,
      0.9276315789473685,
      0.9276315789473685,
      0.9232456140350878,
      0.9232456140350878,
      0.9166666666666666,
      0.9232456140350878,
      0.9254385964912281,
      0.9166666666666666,
      0.9232456140350878,
      0.9298245614035088,
      0.9232456140350878,
      0.9210526315789473,
      0.9166666666666666,
      0.9276315789473685,
      0.9254385964912281,
      0.9298245614035088,
      0.9298245614035088
    ],