{
  "config": {
    "seed": 0,
    "temperature": 20.0,
    "n_epochs_teacher": 12,
    "n_epochs_student": 20,
    "omitted_class": 3,
    "teacher_arch": [
      784,
      1200,
      1200,
      10
    ],
    "student_arch": [
      784,
      800,
      800,
      10
    ],
    "jitter_px": 2,
    "lr": 0.001,
    "batch_size": 128,
    "optimizer": "adam"
  },
  "env": {
    "python": "3.12.9",
    "numpy": "2.2.5",
    "platform": "macOS-26.3-arm64-arm-64bit",
    "processor": "arm"
  },
  "teacher": {
    "test_acc": 0.9839,
    "per_class": [
      0.996938775510204,
      0.9894273127753304,
      0.9951550387596899,
      0.9742574257425742,
      0.9867617107942973,
      0.9899103139013453,
      0.9770354906054279,
      0.980544747081712,
      0.9804928131416838,
      0.9682854311199207
    ]
  },
  "student_pre": {
    "test_acc": 0.9783,
    "per_class": [
      0.996938775510204,
      0.9929515418502203,
      0.9951550387596899,
      0.9188118811881189,
      0.9826883910386965,
      0.9932735426008968,
      0.9770354906054279,
      0.97568093385214,
      0.9794661190965093,
      0.9712586719524281
    ],
    "acc_omitted": 0.9188118811881189
  },
  "student_post": {
    "test_acc": 0.9807,
    "per_class": [
      0.996938775510204,
      0.9929515418502203,
      0.9932170542635659,
      0.9782178217821782,
      0.9826883910386965,
      0.9854260089686099,
      0.9770354906054279,
      0.9717898832684825,
      0.9620123203285421,
      0.9653121902874133
    ],
    "acc_omitted": 0.9782178217821782,
    "bias_offset": 2.6955699920654297
  },
  "wallclock_sec": 121.77064514160156
}